sales_month,current_month_revenue,previous_month_revenue,mom_growth_pct,running_revenue,revenue_12mo_ago,yoy_growth_pct,rolling_3m_avg,rolling_3m_std,revenue_acceleration,consecutive_decline_months
2016-10-01,43000,,,43000,,,,,,0
2016-11-01,105000,43000.0,144.19,148000,,,,,,0
2016-12-01,253000,105000.0,140.95,401000,,,133666.67,107895.01,-3.24,0
2017-01-01,390000,253000.0,54.15,791000,,,249333.33,142535.38,-86.8,0
2017-02-01,362000,390000.0,-7.18,1153000,,,335000.0,72380.94,-61.33,1
2017-03-01,535000,362000.0,47.79,1688000,,,429000.0,92860.11,54.97,0
2017-04-01,453000,535000.0,-15.33,2141000,,,450000.0,86539.01,-63.12,1
2017-05-01,526000,453000.0,16.11,2667000,,,504666.67,44970.36,31.44,0
2017-06-01,607000,526000.0,15.4,3274000,,,528666.67,77034.62,-0.71,0
2017-07-01,635000,607000.0,4.61,3909000,,,589333.33,56606.83,-10.79,0
2017-08-01,680000,635000.0,7.09,4589000,,,640666.67,36828.43,2.48,0
2017-09-01,707000,680000.0,3.97,5296000,,,674000.0,36373.07,-3.12,0
2017-10-01,635000,707000.0,-10.18,5931000,43000.0,1376.74,674000.0,36373.07,-14.15,1
2017-11-01,1027013,635000.0,61.73,6958013,105000.0,878.11,789671.0,208672.99,71.91,0
2017-12-01,780000,1027013.0,-24.05,7738013,253000.0,208.3,814004.33,198206.38,-85.78,1
2018-01-01,952000,780000.0,22.05,8690013,390000.0,144.1,919671.0,126640.15,46.1,0
2018-02-01,861000,952000.0,-9.56,9551013,362000.0,137.85,864333.33,86048.44,-31.61,1
2018-03-01,1015000,861000.0,17.89,10566013,535000.0,89.72,942666.67,77423.08,27.45,0
2018-04-01,1042000,1015000.0,2.66,11608013,453000.0,130.02,972666.67,97643.91,-15.23,0
2018-05-01,1061000,1042000.0,1.82,12669013,526000.0,101.71,1039333.33,23115.65,-0.84,0
2018-06-01,1033000,1061000.0,-2.64,13702013,607000.0,70.18,1045333.33,14294.52,-4.46,1
2018-07-01,1038514,1033000.0,0.53,14740527,635000.0,63.55,1044171.33,14832.53,3.17,0
2018-08-01,996974,1038514.0,-4.0,15737501,680000.0,46.61,1022829.33,22560.47,-4.53,1
